{
  "S3": {
    "win_rate": 0.6034482758620689655172413793,
    "total_trades": 58,
    "total_pnl": -366,
    "avg_hold_time": 10,
    "optimal_conditions": []
  },
  "S2": {
    "win_rate": 0.5783132530120481927710843373,
    "total_trades": 85,
    "total_pnl": -35.5,
    "avg_hold_time": 10,
    "optimal_conditions": []
  },
  "S6": {
    "win_rate": 0.7894736842105263157894736842,
    "total_trades": 19,
    "total_pnl": -108.25,
    "avg_hold_time": 10,
    "optimal_conditions": []
  },
  "S11": {
    "win_rate": 0.6333333333333333333333333333,
    "total_trades": 30,
    "total_pnl": -403.5,
    "avg_hold_time": 10,
    "optimal_conditions": [
      "afternoon_fade"
    ]
  }
}